,secID,ticker,exchangeCD,tradeDate,preClosePrice,actPreClosePrice,openPrice,highestPrice,lowestPrice,closePrice,turnoverVol,turnoverValue,dealAmount,turnoverRate,accumAdjFactor,negMarketValue,marketValue,chgPct,PE,PE1,PB,isOpen,vwap
0,000001.XSHE,1,XSHE,2015/1/5,15.84,15.84,15.99,16.28,15.6,16.02,286043643,4565387846,92478,0.0291,0.65085721,1.58E+11,1.83E+11,0.0114,9.2428,9.2428,1.3977,1,15.96
1,000001.XSHE,1,XSHE,2015/1/6,16.02,16.02,15.85,16.39,15.55,15.78,216642140,3453446168,80325,0.022,0.65085721,1.55E+11,1.80E+11,-0.015,9.1044,9.1044,1.3768,1,15.941
2,000001.XSHE,1,XSHE,2015/1/7,15.78,15.78,15.56,15.83,15.3,15.48,170012067,2634796409,72697,0.0173,0.65085721,1.52E+11,1.77E+11,-0.019,8.9313,8.9313,1.3506,1,15.498
3,000001.XSHE,1,XSHE,2015/1/8,15.48,15.48,15.5,15.57,14.9,14.96,140771421,2128003432,68734,0.0143,0.65085721,1.47E+11,1.71E+11,-0.0336,8.6313,8.6313,1.3052,1,15.117
4,000001.XSHE,1,XSHE,2015/1/9,14.96,14.96,14.9,15.87,14.71,15.08,250850023,3835378100,99882,0.0255,0.65085721,1.48E+11,1.72E+11,0.008,8.7005,8.7005,1.3157,1,15.29
5,000001.XSHE,1,XSHE,2015/1/12,15.08,15.08,14.87,15.05,14.5,14.77,155329088,2293104640,64376,0.0158,0.65085721,1.45E+11,1.69E+11,-0.0206,8.5216,8.5216,1.2886,1,14.763
6,000001.XSHE,1,XSHE,2015/1/13,14.77,14.77,14.65,14.9,14.61,14.68,81687477,1204987149,34924,0.0083,0.65085721,1.44E+11,1.68E+11,-0.0061,8.4697,8.4697,1.2808,1,14.751
7,000001.XSHE,1,XSHE,2015/1/14,14.68,14.68,14.78,15.2,14.7,14.81,126302964,1889296679,50675,0.0128,0.65085721,1.46E+11,1.69E+11,0.0089,8.5447,8.5447,1.2921,1,14.958
8,000001.XSHE,1,XSHE,2015/1/15,14.81,14.81,14.85,15.35,14.71,15.35,124217032,1868795910,54470,0.0126,0.65085721,1.51E+11,1.75E+11,0.0365,8.8563,8.8563,1.3392,1,15.045
9,000001.XSHE,1,XSHE,2015/1/16,15.35,15.35,15.4,15.62,15.18,15.37,155584633,2403346195,60637,0.0158,0.65085721,1.51E+11,1.76E+11,0.0013,8.8678,8.8678,1.341,1,15.447
10,000001.XSHE,1,XSHE,2015/1/19,15.37,15.37,14.01,14.57,13.83,13.83,213712366,3016203087,103111,0.0217,0.65085721,1.36E+11,1.58E+11,-0.1002,7.9793,7.9793,1.2066,1,14.113
11,000001.XSHE,1,XSHE,2015/1/20,13.83,13.83,13.83,14.06,13.56,13.83,149101811,2064280555,65826,0.0152,0.65085721,1.36E+11,1.58E+11,0,7.9793,7.9793,1.2066,1,13.845
12,000001.XSHE,1,XSHE,2015/1/21,13.83,13.83,13.88,14.6,13.75,14.42,194053037,2758192757,78709,0.0197,0.65085721,1.42E+11,1.65E+11,0.0427,8.3197,8.3197,1.2581,1,14.214
13,000001.XSHE,1,XSHE,2015/1/22,14.42,14.42,14.34,14.52,14.16,14.3,125501611,1801436255,53599,0.0128,0.65085721,1.41E+11,1.63E+11,-0.0083,8.2505,8.2505,1.2476,1,14.354
14,000001.XSHE,1,XSHE,2015/1/23,14.3,14.3,14.36,14.63,14.3,14.4,145918192,2108746796,53672,0.0148,0.65085721,1.42E+11,1.65E+11,0.007,8.3082,8.3082,1.2564,1,14.452
15,000001.XSHE,1,XSHE,2015/1/26,14.4,14.4,14.36,14.44,14.16,14.34,105760580,1508446593,47025,0.0108,0.65085721,1.41E+11,1.64E+11,-0.0042,8.2736,8.2736,1.2511,1,14.263
16,000001.XSHE,1,XSHE,2015/1/27,14.34,14.34,14.35,14.37,13.83,13.99,133949466,1881058965,61710,0.0136,0.65085721,1.38E+11,1.60E+11,-0.0244,8.0716,8.0716,1.2206,1,14.043
17,000001.XSHE,1,XSHE,2015/1/28,13.99,13.99,13.87,14.3,13.8,14.06,124087755,1742175736,55381,0.0126,0.65085721,1.38E+11,1.61E+11,0.005,8.112,8.112,1.2267,1,14.04
18,000001.XSHE,1,XSHE,2015/1/29,14.06,14.06,13.82,14.01,13.75,13.9,101675329,1408825356,43493,0.0103,0.65085721,1.37E+11,1.59E+11,-0.0114,8.0197,8.0197,1.2127,1,13.856
19,000001.XSHE,1,XSHE,2015/1/30,13.9,13.9,13.93,14.12,13.76,13.93,93011669,1298735719,42061,0.0095,0.65085721,1.37E+11,1.59E+11,0.0022,8.037,8.037,1.2153,1,13.963
20,000001.XSHE,1,XSHE,2015/2/2,13.93,13.93,13.6,13.8,13.55,13.63,86093216,1176949560,36794,0.0088,0.65085721,1.34E+11,1.56E+11,-0.0215,7.8639,7.8639,1.1892,1,13.671
21,000001.XSHE,1,XSHE,2015/2/3,13.63,13.63,13.78,13.99,13.62,13.95,88334914,1217876590,36730,0.009,0.65085721,1.37E+11,1.59E+11,0.0235,8.0485,8.0485,1.2171,1,13.787
22,000001.XSHE,1,XSHE,2015/2/4,13.95,13.95,14,14.04,13.7,13.71,80762311,1122666755,36518,0.0082,0.65085721,1.35E+11,1.57E+11,-0.0172,7.9101,7.9101,1.1962,1,13.901
23,000001.XSHE,1,XSHE,2015/2/5,13.71,13.71,14.3,14.43,13.76,13.79,191372916,2710523886,70932,0.0195,0.65085721,1.36E+11,1.58E+11,0.0058,7.9562,7.9562,1.2031,1,14.164
24,000001.XSHE,1,XSHE,2015/2/6,13.79,13.79,13.69,13.95,13.4,13.51,103040856,1411298590,41861,0.0105,0.65085721,1.33E+11,1.54E+11,-0.0203,7.7947,7.7947,1.1787,1,13.696
25,000001.XSHE,1,XSHE,2015/2/9,13.51,13.51,13.5,13.68,13.22,13.52,94658628,1273141160,40359,0.0096,0.65085721,1.33E+11,1.54E+11,0.0007,7.8005,7.8005,1.1796,1,13.45
26,000001.XSHE,1,XSHE,2015/2/10,13.52,13.52,13.49,13.82,13.42,13.77,72487537,991823743.8,31639,0.0074,0.65085721,1.35E+11,1.57E+11,0.0185,7.9447,7.9447,1.2014,1,13.683
27,000001.XSHE,1,XSHE,2015/2/11,13.77,13.77,13.78,13.85,13.68,13.73,55434951,763414581.5,25377,0.0056,0.65085721,1.35E+11,1.57E+11,-0.0029,7.9216,7.9216,1.1979,1,13.771
28,000001.XSHE,1,XSHE,2015/2/12,13.73,13.73,13.75,13.9,13.62,13.86,60871568,838611239.4,26754,0.0062,0.65085721,1.36E+11,1.58E+11,0.0095,7.9966,7.9966,1.2092,1,13.777
29,000001.XSHE,1,XSHE,2015/2/13,13.86,13.86,13.93,14.18,13.84,13.95,88774310,1244514794,40057,0.009,0.65085721,1.37E+11,1.59E+11,0.0065,8.0485,8.0485,1.2171,1,14.019
30,000001.XSHE,1,XSHE,2015/2/16,13.95,13.95,13.95,14.01,13.73,13.92,72120239,999898468.8,33530,0.0073,0.65085721,1.37E+11,1.59E+11,-0.0022,8.0312,8.0312,1.2145,1,13.864
31,000001.XSHE,1,XSHE,2015/2/17,13.92,13.92,13.96,14.11,13.93,13.99,68049159,954430237.8,28204,0.0069,0.65085721,1.38E+11,1.60E+11,0.005,8.0716,8.0716,1.2206,1,14.026
32,000001.XSHE,1,XSHE,2015/2/25,13.99,13.99,14.04,14.05,13.76,13.8,57739233,799193628.9,27758,0.0059,0.65085721,1.36E+11,1.58E+11,-0.0136,7.962,7.962,1.204,1,13.841
33,000001.XSHE,1,XSHE,2015/2/26,13.8,13.8,13.8,14.08,13.6,14.07,102554424,1424064862,43423,0.0104,0.65085721,1.38E+11,1.61E+11,0.0196,8.1178,8.1178,1.2276,1,13.886
34,000001.XSHE,1,XSHE,2015/2/27,14.07,14.07,14.06,14.16,13.96,13.99,79357014,1115146053,36250,0.0081,0.65085721,1.38E+11,1.60E+11,-0.0057,8.0716,8.0716,1.2206,1,14.052
35,000001.XSHE,1,XSHE,2015/3/2,13.99,13.99,14.03,14.09,13.87,14.03,101879700,1423603269,44197,0.0104,0.65085721,1.38E+11,1.60E+11,0.0029,8.0947,8.0947,1.2241,1,13.973
36,000001.XSHE,1,XSHE,2015/3/3,14.03,14.03,13.98,13.98,13.59,13.6,105947629,1457305035,56118,0.0108,0.65085721,1.34E+11,1.55E+11,-0.0306,7.8466,7.8466,1.1866,1,13.755
37,000001.XSHE,1,XSHE,2015/3/4,13.6,13.6,13.62,13.72,13.5,13.57,81497304,1108145419,38655,0.0083,0.65085721,1.33E+11,1.55E+11,-0.0022,7.8293,7.8293,1.1839,1,13.597
38,000001.XSHE,1,XSHE,2015/3/5,13.57,13.57,13.5,13.53,13.29,13.38,82860485,1109151960,47331,0.0084,0.65085721,1.32E+11,1.53E+11,-0.014,7.7197,7.7197,1.1674,1,13.386
39,000001.XSHE,1,XSHE,2015/3/6,13.38,13.38,13.37,13.51,13.35,13.44,55704774,748959127.7,27683,0.0057,0.65085721,1.32E+11,1.54E+11,0.0045,7.7543,7.7543,1.1726,1,13.445
40,000001.XSHE,1,XSHE,2015/3/9,13.44,13.44,13.47,14.34,13.32,14.15,220532361,3067985541,97151,0.0224,0.65085721,1.39E+11,1.62E+11,0.0528,8.1639,8.1639,1.2345,1,13.912
41,000001.XSHE,1,XSHE,2015/3/10,14.15,14.15,14,14.12,13.77,13.77,138570630,1927581939,58427,0.0141,0.65085721,1.35E+11,1.57E+11,-0.0269,7.9447,7.9447,1.2014,1,13.91
42,000001.XSHE,1,XSHE,2015/3/11,13.77,13.77,13.79,14.08,13.79,13.86,90335413,1258356122,40758,0.0092,0.65085721,1.36E+11,1.58E+11,0.0065,7.9966,7.9966,1.2092,1,13.93
43,000001.XSHE,1,XSHE,2015/3/12,13.86,13.86,14.2,14.96,14.08,14.6,330513720,4805590363,133212,0.0336,0.65085721,1.44E+11,1.67E+11,0.0534,8.4236,8.4236,1.2738,1,14.54
44,000001.XSHE,1,XSHE,2015/3/13,14.6,14.6,14.9,15.61,14.8,14.99,316398835,4799935195,138101,0.0322,0.65085721,1.47E+11,1.71E+11,0.0267,8.6486,8.6486,1.3078,1,15.171
45,000001.XSHE,1,XSHE,2015/3/16,14.99,14.99,15.1,15.5,14.92,15.41,221847246,3387198610,87756,0.0226,0.65085721,1.52E+11,1.76E+11,0.028,8.8909,8.8909,1.3445,1,15.268
46,000001.XSHE,1,XSHE,2015/3/17,15.41,15.41,15.51,15.8,15.25,15.4,195984187,3020408698,86163,0.0199,0.65085721,1.51E+11,1.76E+11,-0.0006,8.8851,8.8851,1.3436,1,15.411
47,000001.XSHE,1,XSHE,2015/3/18,15.4,15.4,15.36,15.58,15.29,15.51,183100067,2823982778,76327,0.0186,0.65085721,1.53E+11,1.77E+11,0.0071,8.9486,8.9486,1.3532,1,15.423
48,000001.XSHE,1,XSHE,2015/3/19,15.51,15.51,15.48,15.48,15.12,15.19,158030028,2413982124,74068,0.0161,0.65085721,1.49E+11,1.74E+11,-0.0206,8.764,8.764,1.3253,1,15.275
49,000001.XSHE,1,XSHE,2015/3/20,15.19,15.19,15.19,15.55,15.06,15.32,197639447,3027315328,87524,0.0201,0.65085721,1.51E+11,1.75E+11,0.0086,8.839,8.839,1.3366,1,15.317
50,000001.XSHE,1,XSHE,2015/3/23,15.32,15.32,15.33,15.56,15.33,15.43,178205583,2750596675,68827,0.0181,0.65085721,1.52E+11,1.76E+11,0.0072,8.9024,8.9024,1.3462,1,15.435
51,000001.XSHE,1,XSHE,2015/3/24,15.43,15.43,15.43,15.59,15.22,15.35,155919347,2396553386,69365,0.0159,0.65085721,1.51E+11,1.75E+11,-0.0052,8.8563,8.8563,1.3392,1,15.37
52,000001.XSHE,1,XSHE,2015/3/25,15.35,15.35,15.28,15.32,14.89,14.91,159146801,2396613997,82836,0.0162,0.65085721,1.47E+11,1.70E+11,-0.0287,8.6024,8.6024,1.3009,1,15.059
53,000001.XSHE,1,XSHE,2015/3/26,14.91,14.91,14.86,15.42,14.71,15.11,148789158,2246003758,68419,0.0151,0.65085721,1.49E+11,1.73E+11,0.0134,8.7178,8.7178,1.3183,1,15.095
54,000001.XSHE,1,XSHE,2015/3/27,15.11,15.11,15.1,15.29,14.86,15.08,104763887,1577607058,48597,0.0107,0.65085721,1.48E+11,1.72E+11,-0.002,8.7005,8.7005,1.3157,1,15.059
55,000001.XSHE,1,XSHE,2015/3/30,15.08,15.08,15.23,15.94,15.1,15.66,258261368,4014724426,110092,0.0263,0.65085721,1.54E+11,1.79E+11,0.0385,9.0351,9.0351,1.3663,1,15.545
56,000001.XSHE,1,XSHE,2015/3/31,15.66,15.66,16.04,16.6,15.63,15.75,273318321,4393135215,114032,0.0278,0.65085721,1.55E+11,1.80E+11,0.0057,8.8306,7.9917,1.3163,1,16.073
57,000001.XSHE,1,XSHE,2015/4/1,15.75,15.75,15.82,16.14,15.55,15.96,164331641,2608976850,72105,0.0167,0.65085721,1.57E+11,1.82E+11,0.0133,8.9484,8.0983,1.3338,1,15.876
58,000001.XSHE,1,XSHE,2015/4/2,15.96,15.96,16.09,16.14,15.62,15.8,140583742,2222670593,72424,0.0143,0.65085721,1.55E+11,1.81E+11,-0.01,8.8587,8.0171,1.3205,1,15.81
59,000001.XSHE,1,XSHE,2015/4/3,15.8,15.8,15.7,15.94,15.61,15.85,143494132,2262844473,61025,0.0146,0.65085721,1.56E+11,1.81E+11,0.0032,8.8867,8.0425,1.3246,1,15.77
60,000001.XSHE,1,XSHE,2015/4/7,15.85,15.85,16.15,16.96,16.15,16.81,296047228,4898119463,131387,0.0301,0.65085721,1.65E+11,1.92E+11,0.0606,9.425,8.5296,1.4049,1,16.545
61,000001.XSHE,1,XSHE,2015/4/8,16.81,16.81,16.93,18.08,16.65,17.92,337164631,5784459039,135077,0.0343,0.65085721,1.76E+11,2.05E+11,0.066,10.0473,9.0928,1.4976,1,17.156
62,000001.XSHE,1,XSHE,2015/4/9,17.92,17.92,17.95,19.05,17.73,18,317306325,5794631957,148293,0.0323,0.65085721,1.77E+11,2.06E+11,0.0045,10.0922,9.1334,1.5043,1,18.262
63,000001.XSHE,1,XSHE,2015/4/10,18,18,18,19.8,17.85,19.8,334020979,6339648863,139375,0.034,0.65085721,1.95E+11,2.26E+11,0.1,11.1014,10.0468,1.6548,1,18.98
64,000001.XSHE,1,XSHE,2015/4/13,16.36,19.8,17,17.16,16.15,16.54,480715321,8021097202,252667,0.0407,0.787712216,1.95E+11,2.27E+11,0.011,11.1283,10.0711,1.6588,1,16.686
65,000001.XSHE,1,XSHE,2015/4/14,16.54,16.54,16.5,16.5,16.1,16.3,247237501,4020209605,146941,0.0209,0.787712216,1.92E+11,2.23E+11,-0.0145,10.9668,9.925,1.6347,1,16.261
66,000001.XSHE,1,XSHE,2015/4/15,16.3,16.3,16.3,17.28,16.1,16.65,341764203,5746875159,185952,0.029,0.787712216,1.97E+11,2.28E+11,0.0215,11.2023,10.1381,1.6698,1,16.815
67,000001.XSHE,1,XSHE,2015/4/16,16.65,16.65,16.34,17.1,16.25,17,246740721,4102824562,137711,0.0209,0.787712216,2.01E+11,2.33E+11,0.021,11.4378,10.3512,1.7049,1,16.628
68,000001.XSHE,1,XSHE,2015/4/17,17,17,17.5,17.5,16.8,16.93,260952337,4447333030,143174,0.0221,0.787712216,2.00E+11,2.32E+11,-0.0041,11.3907,10.3086,1.6979,1,17.043
69,000001.XSHE,1,XSHE,2015/4/20,16.93,16.93,17.1,17.2,16.16,16.3,344725740,5776437953,185514,0.0292,0.787712216,1.92E+11,2.23E+11,-0.0372,10.9668,9.925,1.6347,1,16.757
70,000001.XSHE,1,XSHE,2015/4/21,16.3,16.3,16.32,16.7,15.98,16.56,241593696,3943357049,130944,0.0205,0.787712216,1.95E+11,2.27E+11,0.016,11.1418,10.0833,1.6608,1,16.322
71,000001.XSHE,1,XSHE,2015/4/22,16.56,16.56,16.58,16.98,16.5,16.95,277314172,4640335830,140086,0.0235,0.787712216,2.00E+11,2.32E+11,0.0236,11.4041,10.3208,1.6999,1,16.733
72,000001.XSHE,1,XSHE,2015/4/23,16.95,16.95,16.98,17.04,16.56,16.66,231968840,3893522074,120787,0.0197,0.787712216,1.97E+11,2.28E+11,-0.0171,11.209,10.1442,1.6708,1,16.785
73,000001.XSHE,1,XSHE,2015/4/24,16.66,16.66,16.3,16.51,16.01,16.14,244283692,3959606490,155190,0.0207,0.787712216,1.91E+11,2.21E+11,-0.0312,10.8592,9.8276,1.6187,1,16.209
74,000001.XSHE,1,XSHE,2015/4/27,16.14,16.14,16.21,16.6,16.2,16.42,246056358,4027939225,109503,0.0208,0.787712216,1.94E+11,2.25E+11,0.0173,11.0476,9.9981,1.6467,1,16.37
75,000001.XSHE,1,XSHE,2015/4/28,16.42,16.42,16.45,17.38,16.22,16.7,476354406,8014319270,229980,0.0404,0.787712216,1.97E+11,2.29E+11,0.0171,11.2359,10.1685,1.6748,1,16.824
76,000001.XSHE,1,XSHE,2015/4/29,16.7,16.7,16.66,16.75,16.2,16.65,215118839,3550493337,96370,0.0182,0.787712216,1.97E+11,2.28E+11,-0.003,11.2023,10.1381,1.6698,1,16.505
77,000001.XSHE,1,XSHE,2015/4/30,16.65,16.65,16.83,17.26,16.68,16.7,289063541,4899379904,120845,0.0245,0.787712216,1.97E+11,2.29E+11,0.003,11.2359,10.1685,1.6748,1,16.949
78,000001.XSHE,1,XSHE,2015/5/4,16.7,16.7,16.7,16.7,16.28,16.52,142757511,2351547449,73299,0.0121,0.787712216,1.95E+11,2.26E+11,-0.0108,11.1148,10.0589,1.6568,1,16.472
79,000001.XSHE,1,XSHE,2015/5/5,16.52,16.52,16.41,16.52,15.5,15.86,229934173,3685372405,128803,0.0195,0.787712216,1.87E+11,2.17E+11,-0.04,10.6708,9.6571,1.5906,1,16.028
80,000001.XSHE,1,XSHE,2015/5/6,15.86,15.86,15.82,16.3,15.49,15.72,194991108,3107565652,92870,0.0165,0.787712216,1.86E+11,2.16E+11,-0.0088,10.5766,9.5718,1.5765,1,15.937
81,000001.XSHE,1,XSHE,2015/5/7,15.72,15.72,15.72,15.88,15.5,15.67,125870751,1968941844,68336,0.0107,0.787712216,1.85E+11,2.15E+11,-0.0032,10.543,9.5414,1.5715,1,15.643
82,000001.XSHE,1,XSHE,2015/5/8,15.67,15.67,15.71,15.98,15.5,15.85,137446840,2163108920,63265,0.0116,0.787712216,1.87E+11,2.17E+11,0.0115,10.6641,9.651,1.5896,1,15.738
83,000001.XSHE,1,XSHE,2015/5/11,15.85,15.85,15.8,16.12,15.49,16.03,212307724,3349066840,96857,0.018,0.787712216,1.89E+11,2.20E+11,0.0114,10.7852,9.7606,1.6076,1,15.775
84,000001.XSHE,1,XSHE,2015/5/12,16.03,16.03,15.98,16.18,15.65,15.96,198965559,3166864485,87455,0.0169,0.787712216,1.88E+11,2.19E+11,-0.0044,10.7381,9.718,1.6006,1,15.917
85,000001.XSHE,1,XSHE,2015/5/13,15.96,15.96,16.18,16.25,15.74,15.88,175656158,2807445576,83561,0.0149,0.787712216,1.87E+11,2.18E+11,-0.005,10.6842,9.6692,1.5926,1,15.983
86,000001.XSHE,1,XSHE,2015/5/14,15.88,15.88,16,16.05,15.69,15.89,143802764,2283604814,69898,0.0122,0.787712216,1.88E+11,2.18E+11,0.0006,10.691,9.6753,1.5936,1,15.88
87,000001.XSHE,1,XSHE,2015/5/15,15.89,15.89,15.8,15.88,15.27,15.45,175271651,2718885236,90932,0.0148,0.787712216,1.82E+11,2.12E+11,-0.0277,10.3949,9.4074,1.5495,1,15.512
88,000001.XSHE,1,XSHE,2015/5/18,15.45,15.45,15.2,15.35,14.97,15.18,153708421,2327558366,85218,0.013,0.787712216,1.79E+11,2.08E+11,-0.0175,10.2133,9.243,1.5224,1,15.143
89,000001.XSHE,1,XSHE,2015/5/19,15.18,15.18,15.17,15.74,15.05,15.59,191781267,2959557085,91077,0.0162,0.787712216,1.84E+11,2.14E+11,0.027,10.4891,9.4927,1.5635,1,15.432
90,000001.XSHE,1,XSHE,2015/5/20,15.59,15.59,16.01,16.15,15.6,15.74,258966691,4115472698,119745,0.0219,0.787712216,1.86E+11,2.16E+11,0.0096,10.59,9.584,1.5785,1,15.892
91,000001.XSHE,1,XSHE,2015/5/21,15.74,15.74,15.8,15.89,15.62,15.79,140584660,2214024936,71273,0.0119,0.787712216,1.86E+11,2.26E+11,0.0032,11.0877,10.0344,1.6527,1,15.749
92,000001.XSHE,1,XSHE,2015/5/22,15.79,15.79,15.91,16.3,15.82,16.27,262190776,4233675705,125037,0.0222,0.787712216,1.92E+11,2.33E+11,0.0304,11.4248,10.3394,1.703,1,16.147
93,000001.XSHE,1,XSHE,2015/5/25,16.27,16.27,16.35,16.71,16.35,16.6,273036950,4518316428,119634,0.0231,0.787712216,1.96E+11,2.38E+11,0.0203,11.6565,10.5491,1.7375,1,16.548
94,000001.XSHE,1,XSHE,2015/5/26,16.6,16.6,16.63,16.7,16.28,16.62,279220875,4607493714,126154,0.0237,0.787712216,1.96E+11,2.38E+11,0.0012,11.6705,10.5618,1.7396,1,16.501
95,000001.XSHE,1,XSHE,2015/5/27,16.62,16.62,16.62,16.91,16.4,16.48,234121774,3888992246,107014,0.0198,0.787712216,1.95E+11,2.36E+11,-0.0084,11.5722,10.4729,1.7249,1,16.611
96,000001.XSHE,1,XSHE,2015/5/28,16.48,16.48,16.5,16.51,15.43,15.5,273306115,4404154743,137909,0.0232,0.787712216,1.83E+11,2.22E+11,-0.0595,10.8841,9.8501,1.6224,1,16.114
97,000001.XSHE,1,XSHE,2015/5/29,15.5,15.5,15.51,15.67,15.11,15.32,201493291,3103543671,99260,0.0171,0.787712216,1.81E+11,2.19E+11,-0.0116,10.7577,9.7357,1.6035,1,15.403
98,000001.XSHE,1,XSHE,2015/6/1,15.32,15.32,15.33,15.98,15.19,15.9,215836230,3365459275,95904,0.0183,0.787712216,1.88E+11,2.28E+11,0.0379,11.1649,10.1043,1.6642,1,15.593
99,000001.XSHE,1,XSHE,2015/6/2,15.9,15.9,15.89,15.9,15.52,15.77,190482203,2991564978,89653,0.0161,0.787712216,1.86E+11,2.26E+11,-0.0082,11.0737,10.0217,1.6506,1,15.705
100,000001.XSHE,1,XSHE,2015/6/3,15.77,15.77,15.77,15.95,15.5,15.83,197523179,3103860651,93394,0.0167,0.787712216,1.87E+11,2.27E+11,0.0038,11.1158,10.0598,1.6569,1,15.714
101,000001.XSHE,1,XSHE,2015/6/4,15.83,15.83,15.85,16.58,15.66,16.37,368253272,5971846071,174565,0.0312,0.787712216,1.93E+11,2.34E+11,0.0341,11.495,10.403,1.7134,1,16.217
102,000001.XSHE,1,XSHE,2015/6/5,16.37,16.37,16.7,16.8,16.03,16.3,285545624,4681142526,130545,0.0242,0.787712216,1.92E+11,2.33E+11,-0.0043,11.4458,10.3585,1.7061,1,16.394
103,000001.XSHE,1,XSHE,2015/6/8,16.3,16.3,16.32,17.45,16.19,17.29,508605027,8596942094,240327,0.0431,0.787712216,2.04E+11,2.47E+11,0.0607,12.141,10.9876,1.8097,1,16.903
104,000001.XSHE,1,XSHE,2015/6/9,17.29,17.29,17.36,17.45,16.68,16.98,328696753,5601775951,159701,0.0278,0.787712216,2.00E+11,2.43E+11,-0.0179,11.9233,10.7906,1.7773,1,17.042
105,000001.XSHE,1,XSHE,2015/6/10,16.98,16.98,16.8,16.93,16.53,16.68,219838655,3679460605,99496,0.0186,0.787712216,1.97E+11,2.39E+11,-0.0177,11.7127,10.6,1.7459,1,16.737
106,000001.XSHE,1,XSHE,2015/6/11,16.68,16.68,16.68,16.77,16.35,16.48,170696045,2811189687,89297,0.0145,0.787712216,1.95E+11,2.36E+11,-0.012,11.5722,10.4729,1.7249,1,16.469
107,000001.XSHE,1,XSHE,2015/6/12,16.48,16.48,16.48,16.63,16.31,16.51,190338879,3131996559,91598,0.0161,0.787712216,1.95E+11,2.36E+11,0.0018,11.5933,10.4919,1.7281,1,16.455
108,000001.XSHE,1,XSHE,2015/6/15,16.51,16.51,16.53,16.6,15.9,15.92,219217661,3547149535,117222,0.0186,0.787712216,1.88E+11,2.28E+11,-0.0357,11.179,10.117,1.6663,1,16.181
109,000001.XSHE,1,XSHE,2015/6/16,15.92,15.92,15.8,16.06,15.5,15.64,181217984,2858213721,92566,0.0154,0.787712216,1.85E+11,2.24E+11,-0.0176,10.9824,9.9391,1.637,1,15.772
110,000001.XSHE,1,XSHE,2015/6/17,15.64,15.64,15.83,15.89,15.45,15.73,171594225,2689990222,80737,0.0145,0.787712216,1.86E+11,2.25E+11,0.0058,11.0456,9.9962,1.6464,1,15.676
111,000001.XSHE,1,XSHE,2015/6/18,15.73,15.73,15.68,15.68,15.01,15.38,160255482,2468466177,88953,0.0136,0.787712216,1.82E+11,2.20E+11,-0.0223,10.7998,9.7738,1.6098,1,15.403
112,000001.XSHE,1,XSHE,2015/6/19,15.38,15.38,15.25,15.39,14.5,14.63,156552048,2345768674,82703,0.0133,0.787712216,1.73E+11,2.09E+11,-0.0488,10.2731,9.2972,1.5313,1,14.984
113,000001.XSHE,1,XSHE,2015/6/23,14.63,14.63,14.64,14.97,14.11,14.95,180548812,2643179924,84698,0.0153,0.787712216,1.76E+11,2.14E+11,0.0219,10.4979,9.5006,1.5648,1,14.64
114,000001.XSHE,1,XSHE,2015/6/24,14.95,14.95,15,15.13,14.7,15.12,153199612,2290363605,73364,0.013,0.787712216,1.78E+11,2.16E+11,0.0114,10.6172,9.6086,1.5826,1,14.95
115,000001.XSHE,1,XSHE,2015/6/25,15.12,15.12,15.58,15.63,14.76,14.87,207916488,3179774393,93449,0.0176,0.787712216,1.76E+11,2.13E+11,-0.0165,10.4417,9.4497,1.5564,1,15.294
116,000001.XSHE,1,XSHE,2015/6/26,14.87,14.87,14.64,14.95,13.38,13.77,255532175,3623880485,118328,0.0216,0.787712216,1.63E+11,1.97E+11,-0.074,9.6693,8.7507,1.4413,1,14.182
117,000001.XSHE,1,XSHE,2015/6/29,13.77,13.77,14.08,14.15,12.75,13.56,261294320,3570319306,111088,0.0221,0.787712216,1.60E+11,1.94E+11,-0.0153,9.5218,8.6172,1.4193,1,13.664
118,000001.XSHE,1,XSHE,2015/6/30,13.56,13.56,13.54,14.54,13.38,14.54,254810313,3572978441,107131,0.0216,0.787712216,1.72E+11,2.08E+11,0.0723,9.7606,8.9792,1.3789,1,14.022
119,000001.XSHE,1,XSHE,2015/7/1,14.54,14.54,14.35,14.59,13.74,13.92,183540616,2629096356,82007,0.0155,0.787712216,1.64E+11,1.99E+11,-0.0426,9.3444,8.5963,1.3201,1,14.324
120,000001.XSHE,1,XSHE,2015/7/2,13.92,13.92,13.9,14.31,13.38,13.75,198282626,2762337228,76253,0.0168,0.787712216,1.62E+11,1.97E+11,-0.0122,9.2303,8.4913,1.304,1,13.931
121,000001.XSHE,1,XSHE,2015/7/3,13.75,13.75,13.98,13.99,12.79,13.07,259745820,3473335630,92667,0.022,0.787712216,1.54E+11,1.87E+11,-0.0495,8.7738,8.0714,1.2395,1,13.372
122,000001.XSHE,1,XSHE,2015/7/6,13.07,13.07,14.3,14.31,13.29,13.88,338152667,4660186339,114458,0.0286,0.787712216,1.64E+11,1.99E+11,0.062,9.3176,8.5716,1.3163,1,13.781
123,000001.XSHE,1,XSHE,2015/7/7,13.88,13.88,13.66,14.65,13.21,14.65,480831189,6808003723,164905,0.0407,0.787712216,1.73E+11,2.10E+11,0.0555,9.8345,9.0471,1.3893,1,14.159
124,000001.XSHE,1,XSHE,2015/7/8,14.65,14.65,13.81,14,13.19,13.19,499669694,6762103351,148965,0.0423,0.787712216,1.56E+11,1.89E+11,-0.0997,8.8544,8.1455,1.2509,1,13.533
125,000001.XSHE,1,XSHE,2015/7/9,13.19,13.19,13.19,14.44,12.11,14.26,434435542,5904698617,185810,0.0368,0.787712216,1.68E+11,2.04E+11,0.0811,9.5727,8.8063,1.3523,1,13.592
126,000001.XSHE,1,XSHE,2015/7/10,14.26,14.26,13.85,15.36,13.61,14.86,465098778,6891581207,226152,0.0394,0.787712216,1.75E+11,2.13E+11,0.0421,9.9755,9.1768,1.4092,1,14.817
127,000001.XSHE,1,XSHE,2015/7/13,14.86,14.86,14.4,14.89,14.12,14.44,326819605,4737400471,166713,0.0277,0.787712216,1.70E+11,2.07E+11,-0.0283,9.6935,8.9174,1.3694,1,14.495
128,000001.XSHE,1,XSHE,2015/7/14,14.44,14.44,14.2,14.38,13.51,13.87,258022955,3608580676,132988,0.0219,0.787712216,1.64E+11,1.98E+11,-0.0395,9.3109,8.5654,1.3154,1,13.986
129,000001.XSHE,1,XSHE,2015/7/15,13.87,13.87,13.66,13.96,13.4,13.58,162642318,2225696913,77977,0.0138,0.787712216,1.60E+11,1.94E+11,-0.0209,9.1162,8.3864,1.2879,1,13.685
130,000001.XSHE,1,XSHE,2015/7/16,13.58,13.58,13.6,13.76,13.42,13.6,138893985,1884221625,55387,0.0118,0.787712216,1.61E+11,1.95E+11,0.0015,9.1296,8.3987,1.2898,1,13.566
131,000001.XSHE,1,XSHE,2015/7/17,13.6,13.6,13.66,13.94,13.53,13.82,168063766,2304999342,62288,0.0142,0.787712216,1.63E+11,1.98E+11,0.0162,9.2773,8.5346,1.3106,1,13.715
132,000001.XSHE,1,XSHE,2015/7/20,13.82,13.82,13.8,13.8,13.53,13.6,135868308,1852316441,59646,0.0115,0.787712216,1.61E+11,1.95E+11,-0.0159,9.1296,8.3987,1.2898,1,13.633
133,000001.XSHE,1,XSHE,2015/7/21,13.6,13.6,13.51,13.64,13.38,13.57,113164352,1529148267,51903,0.0096,0.787712216,1.60E+11,1.94E+11,-0.0022,9.1095,8.3802,1.2869,1,13.513
134,000001.XSHE,1,XSHE,2015/7/22,13.57,13.57,13.49,13.54,13.34,13.52,113809062,1528783831,48025,0.0096,0.787712216,1.60E+11,1.93E+11,-0.0037,9.0759,8.3493,1.2822,1,13.433
135,000001.XSHE,1,XSHE,2015/7/23,13.52,13.52,13.46,13.75,13.41,13.67,148369614,2022035341,56488,0.0126,0.787712216,1.61E+11,1.96E+11,0.0111,9.1766,8.4419,1.2964,1,13.628
136,000001.XSHE,1,XSHE,2015/7/24,13.67,13.67,13.68,13.7,13.32,13.38,133930997,1815658962,56037,0.0113,0.787712216,1.58E+11,1.91E+11,-0.0212,8.9819,8.2628,1.2689,1,13.557
137,000001.XSHE,1,XSHE,2015/7/27,13.38,13.38,13.25,13.32,12.04,12.44,178785918,2289450165,86632,0.0151,0.787712216,1.47E+11,1.78E+11,-0.0703,8.3509,7.6823,1.1797,1,12.806
138,000001.XSHE,1,XSHE,2015/7/28,12.44,12.44,12.19,12.76,12.15,12.62,201120081,2509971532,62063,0.017,0.787712216,1.49E+11,1.81E+11,0.0145,8.4718,7.7935,1.1968,1,12.48
139,000001.XSHE,1,XSHE,2015/7/29,12.62,12.62,12.6,12.62,12.38,12.6,97168292,1210759096,40405,0.0082,0.787712216,1.49E+11,1.80E+11,-0.0016,8.4583,7.7812,1.1949,1,12.46
140,000001.XSHE,1,XSHE,2015/7/30,12.6,12.6,12.61,12.64,12.23,12.26,77027894,962337460.8,36451,0.0065,0.787712216,1.45E+11,1.75E+11,-0.027,8.2301,7.5712,1.1627,1,12.493
141,000001.XSHE,1,XSHE,2015/7/31,12.26,12.26,12.16,12.42,12.02,12.36,120274687,1472860296,34012,0.0102,0.787712216,1.46E+11,1.77E+11,0.0082,8.2972,7.6329,1.1722,1,12.246
142,000001.XSHE,1,XSHE,2015/8/3,12.36,12.36,12.2,12.85,12.15,12.82,140512271,1757739733,47389,0.0119,0.787712216,1.51E+11,1.83E+11,0.0372,8.606,7.917,1.2158,1,12.51
143,000001.XSHE,1,XSHE,2015/8/4,12.82,12.82,12.77,12.99,12.59,12.86,77493758,988843500.5,36103,0.0066,0.787712216,1.52E+11,1.84E+11,0.0031,8.6329,7.9417,1.2196,1,12.76
144,000001.XSHE,1,XSHE,2015/8/5,12.86,12.86,12.8,12.95,12.57,12.59,55180237,704539354.3,46538,0.0047,0.787712216,1.49E+11,1.80E+11,-0.021,8.4516,7.775,1.194,1,12.768
145,000001.XSHE,1,XSHE,2015/8/6,12.59,12.59,12.5,12.73,12.43,12.53,45021845,567208519.2,19080,0.0038,0.787712216,1.48E+11,1.79E+11,-0.0048,8.4113,7.7379,1.1883,1,12.599
146,000001.XSHE,1,XSHE,2015/8/7,12.53,12.53,12.61,12.72,12.54,12.61,62201030,785501392,28213,0.0053,0.787712216,1.49E+11,1.80E+11,0.0064,8.465,7.7873,1.1959,1,12.628
147,000001.XSHE,1,XSHE,2015/8/10,12.61,12.61,12.66,12.99,12.55,12.92,105311195,1346325151,47460,0.0089,0.787712216,1.53E+11,1.85E+11,0.0246,8.6731,7.9788,1.2253,1,12.784
148,000001.XSHE,1,XSHE,2015/8/11,12.92,12.92,12.91,12.95,12.79,12.84,82849336,1065323949,35269,0.007,0.787712216,1.52E+11,1.84E+11,-0.0062,8.6194,7.9294,1.2177,1,12.859
149,000001.XSHE,1,XSHE,2015/8/12,12.84,12.84,12.69,12.77,12.56,12.57,68682207,869580822.8,30908,0.0058,0.787712216,1.48E+11,1.80E+11,-0.021,8.4382,7.7626,1.1921,1,12.661
150,000001.XSHE,1,XSHE,2015/8/13,12.57,12.57,12.51,12.67,12.42,12.57,60634441,760265710.3,28254,0.0051,0.787712216,1.48E+11,1.80E+11,0,8.4382,7.7626,1.1921,1,12.539
151,000001.XSHE,1,XSHE,2015/8/14,12.57,12.57,12.69,12.75,12.58,12.64,82378929,1043762738,31776,0.007,0.787712216,1.49E+11,1.81E+11,0.0056,8.4852,7.8059,1.1987,1,12.67
152,000001.XSHE,1,XSHE,2015/8/17,12.64,12.64,12.61,12.69,12.45,12.54,67964257,852588992,31404,0.0058,0.787712216,1.48E+11,1.79E+11,-0.0079,8.4181,7.7441,1.1892,1,12.545
153,000001.XSHE,1,XSHE,2015/8/18,12.54,12.54,12.5,12.74,11.95,12.27,117632441,1459671045,56468,0.01,0.787712216,1.45E+11,1.76E+11,-0.0215,8.2368,7.5774,1.1636,1,12.409
154,000001.XSHE,1,XSHE,2015/8/19,12.27,12.27,12.1,12.23,11.9,12.23,95889423,1157078548,46687,0.0081,0.787712216,1.44E+11,1.75E+11,-0.0033,8.21,7.5527,1.1598,1,12.067
155,000001.XSHE,1,XSHE,2015/8/20,12.23,12.23,12.17,12.17,11.9,12.05,67763439,815652760.5,32581,0.0057,0.787712216,1.42E+11,1.72E+11,-0.0147,8.0891,7.4415,1.1428,1,12.037
156,000001.XSHE,1,XSHE,2015/8/21,12.05,12.05,11.9,11.99,11.46,11.5,93336784,1095668268,46906,0.0079,0.787712216,1.36E+11,1.65E+11,-0.0456,7.7199,7.1018,1.0906,1,11.739
157,000001.XSHE,1,XSHE,2015/8/24,11.5,11.5,11.1,11.17,10.35,10.35,151802968,1601529035,63979,0.0129,0.787712216,1.22E+11,1.48E+11,-0.1,6.9479,6.3917,0.9815,1,10.55
158,000001.XSHE,1,XSHE,2015/8/25,10.35,10.35,9.85,10.35,9.32,9.46,219233375,2122788585,75363,0.0186,0.787712216,1.12E+11,1.35E+11,-0.086,6.3505,5.842,0.8971,1,9.683
159,000001.XSHE,1,XSHE,2015/8/26,9.46,9.46,9.6,10.23,9.3,9.91,249191959,2460482141,86152,0.0211,0.787712216,1.17E+11,1.42E+11,0.0476,6.6525,6.1199,0.9398,1,9.874
160,000001.XSHE,1,XSHE,2015/8/27,9.91,9.91,10.16,10.9,9.86,10.8,184923565,1912163266,66783,0.0157,0.787712216,1.27E+11,1.55E+11,0.0898,7.25,6.6696,1.0242,1,10.34
161,000001.XSHE,1,XSHE,2015/8/28,10.8,10.8,10.89,11.09,10.55,10.83,160802969,1728745630,63080,0.0136,0.787712216,1.28E+11,1.55E+11,0.0028,7.2701,6.6881,1.0271,1,10.751
162,000001.XSHE,1,XSHE,2015/8/31,10.83,10.83,10.71,11.07,10.48,11.07,146429725,1578261442,52040,0.0124,0.787712216,1.31E+11,1.58E+11,0.0222,7.4312,6.8363,1.0498,1,10.778
163,000001.XSHE,1,XSHE,2015/9/1,11.07,11.07,10.9,11.61,10.61,11.57,265766135,3003860704,79498,0.0225,0.787712216,1.37E+11,1.66E+11,0.0452,7.7669,7.1451,1.0972,1,11.303
164,000001.XSHE,1,XSHE,2015/9/2,11.57,11.57,11.18,12,11.06,11.84,281574676,3273803293,71363,0.0239,0.787712216,1.40E+11,1.69E+11,0.0233,7.9481,7.3118,1.1228,1,11.627
165,000001.XSHE,1,XSHE,2015/9/7,11.84,11.84,11.55,11.56,10.89,10.89,137611064,1544055075,58761,0.0117,0.787712216,1.29E+11,1.56E+11,-0.0802,7.3104,6.7251,1.0328,1,11.22
166,000001.XSHE,1,XSHE,2015/9/8,10.89,10.89,10.88,11.15,10.59,11,74729245,815241863.3,41272,0.0063,0.787712216,1.30E+11,1.57E+11,0.0101,7.3843,6.7931,1.0432,1,10.909
167,000001.XSHE,1,XSHE,2015/9/9,11,11,11.03,11.19,10.88,11.1,85107389,940582957,35281,0.0072,0.787712216,1.31E+11,1.59E+11,0.0091,7.4514,6.8548,1.0527,1,11.052
168,000001.XSHE,1,XSHE,2015/9/10,11.1,11.1,11,11.18,10.94,11.05,46520563,514578386.5,18991,0.0039,0.787712216,1.30E+11,1.58E+11,-0.0045,7.4178,6.8239,1.0479,1,11.061
169,000001.XSHE,1,XSHE,2015/9/11,11.05,11.05,11.02,11.12,10.88,10.96,42645078,469297504.8,19234,0.0036,0.787712216,1.29E+11,1.57E+11,-0.0081,7.3574,6.7684,1.0394,1,11.005
170,000001.XSHE,1,XSHE,2015/9/14,10.96,10.96,10.99,11,10.45,10.87,75645273,813927117.1,56799,0.0064,0.787712216,1.28E+11,1.56E+11,-0.0082,7.297,6.7128,1.0309,1,10.76
171,000001.XSHE,1,XSHE,2015/9/15,10.87,10.87,10.69,10.85,10.5,10.57,54283900,579042247,21166,0.0046,0.787712216,1.25E+11,1.51E+11,-0.0276,7.0956,6.5275,1.0024,1,10.667
172,000001.XSHE,1,XSHE,2015/9/16,10.57,10.57,10.59,11.08,10.52,10.9,56924377,612767028.6,24313,0.0048,0.787712216,1.29E+11,1.56E+11,0.0312,7.3171,6.7313,1.0337,1,10.765
173,000001.XSHE,1,XSHE,2015/9/17,10.9,10.9,10.85,11.14,10.77,10.77,62079854,682338188.7,26203,0.0053,0.787712216,1.27E+11,1.54E+11,-0.0119,7.2299,6.651,1.0214,1,10.991
174,000001.XSHE,1,XSHE,2015/9/18,10.77,10.77,10.84,10.96,10.73,10.81,31827282,345063783.7,12826,0.0027,0.787712216,1.28E+11,1.55E+11,0.0037,7.2567,6.6757,1.0252,1,10.842
175,000001.XSHE,1,XSHE,2015/9/21,10.81,10.81,10.7,10.89,10.65,10.82,38611111,416851084.5,16877,0.0033,0.787712216,1.28E+11,1.55E+11,0.0009,7.2634,6.6819,1.0261,1,10.796
176,000001.XSHE,1,XSHE,2015/9/22,10.82,10.82,10.83,11.06,10.82,10.96,49295560,541007302.4,22560,0.0042,0.787712216,1.29E+11,1.57E+11,0.0129,7.3574,6.7684,1.0394,1,10.975
177,000001.XSHE,1,XSHE,2015/9/23,10.96,10.96,10.86,10.91,10.68,10.7,37115084,399583544.6,17425,0.0031,0.787712216,1.26E+11,1.53E+11,-0.0237,7.1829,6.6078,1.0147,1,10.766
178,000001.XSHE,1,XSHE,2015/9/24,10.7,10.7,10.76,10.81,10.67,10.71,25863255,277274187.9,10934,0.0022,0.787712216,1.26E+11,1.53E+11,0.0009,7.1896,6.614,1.0157,1,10.721
179,000001.XSHE,1,XSHE,2015/9/25,10.71,10.71,10.69,10.71,10.45,10.55,44642060,471537653,19829,0.0038,0.787712216,1.25E+11,1.51E+11,-0.0149,7.0822,6.5152,1.0005,1,10.563
180,000001.XSHE,1,XSHE,2015/9/28,10.55,10.55,10.56,10.59,10.43,10.53,19908727,209186171.5,8817,0.0017,0.787712216,1.24E+11,1.51E+11,-0.0019,7.0687,6.5028,0.9986,1,10.507
181,000001.XSHE,1,XSHE,2015/9/29,10.53,10.53,10.45,10.56,10.32,10.38,33360356,347612298.6,14396,0.0028,0.787712216,1.23E+11,1.49E+11,-0.0142,6.9681,6.4102,0.9844,1,10.42
182,000001.XSHE,1,XSHE,2015/9/30,10.38,10.38,10.4,10.59,10.39,10.49,36465973,383230180,14468,0.0031,0.787712216,1.24E+11,1.50E+11,0.0106,6.8701,6.3457,0.9552,1,10.509
183,000001.XSHE,1,XSHE,2015/10/8,10.49,10.49,10.85,10.89,10.7,10.7,49407085,533806134.1,22257,0.0042,0.787712216,1.26E+11,1.53E+11,0.02,7.0076,6.4728,0.9743,1,10.804
184,000001.XSHE,1,XSHE,2015/10/9,10.7,10.7,10.75,10.95,10.72,10.9,47461206,516310498,17996,0.004,0.787712216,1.29E+11,1.56E+11,0.0187,7.1386,6.5938,0.9925,1,10.879
185,000001.XSHE,1,XSHE,2015/10/12,10.9,10.9,10.96,11.38,10.91,11.23,84966515,950602307.7,34196,0.0072,0.787712216,1.33E+11,1.61E+11,0.0303,7.3547,6.7934,1.0226,1,11.188
186,000001.XSHE,1,XSHE,2015/10/13,11.23,11.23,11.2,11.26,11.09,11.13,35979819,401600928.8,16045,0.003,0.787712216,1.31E+11,1.59E+11,-0.0089,7.2893,6.7329,1.0135,1,11.162
187,000001.XSHE,1,XSHE,2015/10/14,11.13,11.13,11.04,11.15,10.94,10.98,41898065,462963473.8,18222,0.0035,0.787712216,1.30E+11,1.57E+11,-0.0135,7.191,6.6422,0.9998,1,11.05
188,000001.XSHE,1,XSHE,2015/10/15,10.98,10.98,10.95,11.17,10.94,11.17,48590050,539103671.6,18938,0.0041,0.787712216,1.32E+11,1.60E+11,0.0173,7.3154,6.7571,1.0171,1,11.095
189,000001.XSHE,1,XSHE,2015/10/16,11.17,11.17,11.21,11.3,11.16,11.23,57000145,640488894.1,21827,0.0048,0.787712216,1.33E+11,1.61E+11,0.0054,7.3547,6.7934,1.0226,1,11.237
190,000001.XSHE,1,XSHE,2015/10/19,11.23,11.23,11.27,11.35,11.15,11.26,72337153,814910975,22931,0.0061,0.787712216,1.33E+11,1.61E+11,0.0027,7.3744,6.8115,1.0253,1,11.265
191,000001.XSHE,1,XSHE,2015/10/20,11.26,11.26,11.2,11.38,11.19,11.32,71516328,807642379.7,23920,0.0061,0.787712216,1.34E+11,1.62E+11,0.0053,7.4137,6.8478,1.0308,1,11.293
192,000001.XSHE,1,XSHE,2015/10/21,11.32,11.32,11.29,11.75,11.18,11.22,133262904,1523591977,46795,0.0113,0.787712216,1.32E+11,1.61E+11,-0.0088,7.3482,6.7873,1.0217,1,11.433
193,000001.XSHE,1,XSHE,2015/10/22,11.22,11.22,11.25,11.4,11.18,11.33,82280573,928960028.8,23845,0.007,0.787712216,1.34E+11,1.62E+11,0.0098,7.4202,6.8539,1.0317,1,11.29
194,000001.XSHE,1,XSHE,2015/10/23,11.33,11.33,11.39,11.53,11.34,11.47,93742511,1073981531,29309,0.0079,0.787712216,1.35E+11,1.64E+11,0.0124,7.5119,6.9386,1.0444,1,11.457
195,000001.XSHE,1,XSHE,2015/10/26,11.47,11.47,11.6,11.81,11.44,11.52,108591754,1260872031,38751,0.0092,0.787712216,1.36E+11,1.65E+11,0.0044,7.5447,6.9688,1.049,1,11.611
196,000001.XSHE,1,XSHE,2015/10/27,11.52,11.52,11.5,11.64,11.34,11.48,58043637,664648826.8,22646,0.0049,0.787712216,1.36E+11,1.64E+11,-0.0035,7.5185,6.9446,1.0454,1,11.451
197,000001.XSHE,1,XSHE,2015/10/28,11.48,11.48,11.46,11.48,11.25,11.27,54481117,619790793.2,21930,0.0046,0.787712216,1.33E+11,1.61E+11,-0.0183,7.3809,6.8176,1.0262,1,11.376
198,000001.XSHE,1,XSHE,2015/10/29,11.27,11.27,11.3,11.36,11.25,11.27,31670368,357830452,11878,0.0027,0.787712216,1.33E+11,1.61E+11,0,7.3809,6.8176,1.0262,1,11.299
199,000001.XSHE,1,XSHE,2015/10/30,11.27,11.27,11.3,11.42,11.27,11.36,53593072,607980997.1,16436,0.0045,0.787712216,1.34E+11,1.63E+11,0.008,7.4399,6.872,1.0344,1,11.344
200,000001.XSHE,1,XSHE,2015/11/2,11.36,11.36,11.27,11.32,11.1,11.14,48443581,544000187,19667,0.0041,0.787712216,1.31E+11,1.59E+11,-0.0194,7.2958,6.739,1.0144,1,11.23
201,000001.XSHE,1,XSHE,2015/11/3,11.14,11.14,11.15,11.21,11.01,11.05,39126518,434818762.6,16726,0.0033,0.787712216,1.30E+11,1.58E+11,-0.0081,7.2369,6.6845,1.0062,1,11.113
202,000001.XSHE,1,XSHE,2015/11/4,11.05,11.05,11.08,11.7,11.05,11.69,130724419,1493255542,41387,0.0111,0.787712216,1.38E+11,1.67E+11,0.0579,7.656,7.0717,1.0645,1,11.423
203,000001.XSHE,1,XSHE,2015/11/5,11.69,11.69,11.6,12.57,11.55,12.07,229218980,2780266756,72900,0.0194,0.787712216,1.42E+11,1.73E+11,0.0325,7.9049,7.3015,1.0991,1,12.129
204,000001.XSHE,1,XSHE,2015/11/6,12.07,12.07,12.02,12.41,11.92,12.39,146319495,1781331280,50722,0.0124,0.787712216,1.46E+11,1.77E+11,0.0265,8.1144,7.4951,1.1282,1,12.174
205,000001.XSHE,1,XSHE,2015/11/9,12.39,12.39,12.5,13.38,12.46,12.94,241388779,3137641551,85722,0.0204,0.787712216,1.53E+11,1.85E+11,0.0444,8.4747,7.8278,1.1783,1,12.998
206,000001.XSHE,1,XSHE,2015/11/10,12.94,12.94,12.8,13.07,12.61,12.75,112502763,1438707530,50977,0.0095,0.787712216,1.51E+11,1.82E+11,-0.0147,8.3502,7.7129,1.161,1,12.788
207,000001.XSHE,1,XSHE,2015/11/11,12.75,12.75,12.7,12.78,12.38,12.55,102173507,1280174417,46584,0.0087,0.787712216,1.48E+11,1.80E+11,-0.0157,8.2192,7.5919,1.1428,1,12.529
208,000001.XSHE,1,XSHE,2015/11/12,12.55,12.55,12.6,12.65,12.28,12.4,67113962,833753298.1,30188,0.0057,0.787712216,1.46E+11,1.77E+11,-0.012,8.121,7.5012,1.1291,1,12.423
209,000001.XSHE,1,XSHE,2015/11/13,12.4,12.4,12.22,12.48,12.19,12.24,58755504,722252994.2,24857,0.005,0.787712216,1.44E+11,1.75E+11,-0.0129,8.0162,7.4044,1.1146,1,12.293
210,000001.XSHE,1,XSHE,2015/11/16,12.24,12.24,12.13,12.39,12.09,12.34,55984871,685977382.9,21445,0.0047,0.787712216,1.46E+11,1.77E+11,0.0082,8.0817,7.4649,1.1237,1,12.253
211,000001.XSHE,1,XSHE,2015/11/17,12.34,12.34,12.41,12.7,12.36,12.5,104648656,1315319787,39943,0.0089,0.787712216,1.48E+11,1.79E+11,0.013,8.1865,7.5617,1.1382,1,12.569
212,000001.XSHE,1,XSHE,2015/11/18,12.5,12.5,12.46,12.7,12.31,12.42,79370476,991513834.8,29780,0.0067,0.787712216,1.47E+11,1.78E+11,-0.0064,8.1341,7.5133,1.131,1,12.492
213,000001.XSHE,1,XSHE,2015/11/19,12.42,12.42,12.4,12.51,12.33,12.5,47112067,585570983.3,17571,0.004,0.787712216,1.48E+11,1.79E+11,0.0064,8.1865,7.5617,1.1382,1,12.429
214,000001.XSHE,1,XSHE,2015/11/20,12.5,12.5,12.5,12.59,12.42,12.55,59803634,747487174.7,21317,0.0051,0.787712216,1.48E+11,1.80E+11,0.004,8.2192,7.5919,1.1428,1,12.499
215,000001.XSHE,1,XSHE,2015/11/23,12.55,12.55,12.55,12.6,12.38,12.45,60797531,760493340.7,20864,0.0052,0.787712216,1.47E+11,1.78E+11,-0.008,8.1537,7.5314,1.1337,1,12.509
216,000001.XSHE,1,XSHE,2015/11/24,12.45,12.45,12.41,12.45,12.16,12.28,66421478,812675943.5,25155,0.0056,0.787712216,1.45E+11,1.76E+11,-0.0137,8.0424,7.4286,1.1182,1,12.235
217,000001.XSHE,1,XSHE,2015/11/25,12.28,12.28,12.21,12.37,12.17,12.32,51346272,629507063.6,19150,0.0043,0.787712216,1.45E+11,1.76E+11,0.0033,8.0686,7.4528,1.1218,1,12.26
218,000001.XSHE,1,XSHE,2015/11/26,12.32,12.32,12.36,12.38,12.2,12.23,55221015,679692129.9,18484,0.0047,0.787712216,1.44E+11,1.75E+11,-0.0073,8.0097,7.3983,1.1137,1,12.309
219,000001.XSHE,1,XSHE,2015/11/27,12.23,12.23,12.18,12.2,11.53,11.73,72802594,867702430.6,30480,0.0062,0.787712216,1.38E+11,1.68E+11,-0.0409,7.6822,7.0959,1.0681,1,11.919
220,000001.XSHE,1,XSHE,2015/11/30,11.73,11.73,11.72,11.87,11.5,11.74,65849389,770221398.4,25982,0.0056,0.787712216,1.39E+11,1.68E+11,0.0009,7.6888,7.1019,1.069,1,11.697
221,000001.XSHE,1,XSHE,2015/12/1,11.74,11.74,11.7,11.86,11.51,11.75,68025390,793118214.1,24093,0.0058,0.787712216,1.39E+11,1.68E+11,0.0009,7.6953,7.108,1.0699,1,11.659
222,000001.XSHE,1,XSHE,2015/12/2,11.75,11.75,11.7,12.64,11.66,12.51,161576086,1978750510,62841,0.0137,0.787712216,1.48E+11,1.79E+11,0.0647,8.193,7.5677,1.1392,1,12.247
223,000001.XSHE,1,XSHE,2015/12/3,12.51,12.51,12.39,12.75,12.25,12.45,142597678,1786008972,50065,0.0121,0.787712216,1.47E+11,1.78E+11,-0.0048,8.1537,7.5314,1.1337,1,12.525
224,000001.XSHE,1,XSHE,2015/12/4,12.45,12.45,12.31,12.38,12.08,12.12,76453245,934906568.6,30109,0.0065,0.787712216,1.43E+11,1.73E+11,-0.0265,7.9376,7.3318,1.1036,1,12.228
225,000001.XSHE,1,XSHE,2015/12/7,12.12,12.12,12.18,12.25,12.04,12.15,40279265,488370699.4,16242,0.0034,0.787712216,1.43E+11,1.74E+11,0.0025,7.9573,7.3499,1.1064,1,12.125
226,000001.XSHE,1,XSHE,2015/12/8,12.15,12.15,12.07,12.09,11.9,11.96,50310179,602568625.9,20027,0.0043,0.787712216,1.41E+11,1.71E+11,-0.0156,7.8328,7.235,1.0891,1,11.977
227,000001.XSHE,1,XSHE,2015/12/9,11.96,11.96,11.92,12.12,11.9,11.99,42938435,515596474.9,16013,0.0036,0.787712216,1.42E+11,1.72E+11,0.0025,7.8525,7.2531,1.0918,1,12.008
228,000001.XSHE,1,XSHE,2015/12/10,11.99,11.99,11.95,12.14,11.91,11.96,41760358,502326072.6,16636,0.0035,0.787712216,1.41E+11,1.71E+11,-0.0025,7.8328,7.235,1.0891,1,12.029
229,000001.XSHE,1,XSHE,2015/12/11,11.96,11.96,11.91,11.92,11.73,11.83,37950803,448800941.4,16543,0.0032,0.787712216,1.40E+11,1.69E+11,-0.0109,7.7477,7.1564,1.0772,1,11.826
230,000001.XSHE,1,XSHE,2015/12/14,11.83,11.83,11.73,12.11,11.71,12.07,58723664,698791985.5,21637,0.005,0.787712216,1.42E+11,1.73E+11,0.0203,7.9049,7.3015,1.0991,1,11.9
231,000001.XSHE,1,XSHE,2015/12/15,12.07,12.07,12.03,12.09,11.86,11.92,36448735,436557693.7,15278,0.0031,0.787712216,1.41E+11,1.71E+11,-0.0124,7.8066,7.2108,1.0854,1,11.977
232,000001.XSHE,1,XSHE,2015/12/16,11.92,11.92,11.98,12.01,11.88,11.89,39276282,468510259.2,13945,0.0033,0.787712216,1.40E+11,1.70E+11,-0.0025,7.787,7.1927,1.0827,1,11.929
233,000001.XSHE,1,XSHE,2015/12/17,11.89,11.89,11.97,12.14,11.96,12.07,64827475,780891801.1,23722,0.0055,0.787712216,1.42E+11,1.73E+11,0.0151,7.9049,7.3015,1.0991,1,12.046
234,000001.XSHE,1,XSHE,2015/12/18,12.07,12.07,12.03,12.55,12.02,12.23,102294474,1257360356,41842,0.0087,0.787712216,1.44E+11,1.75E+11,0.0133,8.0097,7.3983,1.1137,1,12.292
235,000001.XSHE,1,XSHE,2015/12/21,12.23,12.23,12.14,12.72,12.11,12.51,128114213,1595741319,49831,0.0109,0.787712216,1.48E+11,1.79E+11,0.0229,8.193,7.5677,1.1392,1,12.456
236,000001.XSHE,1,XSHE,2015/12/22,12.51,12.51,12.5,12.62,12.38,12.43,69809145,870121732.2,26793,0.0059,0.787712216,1.47E+11,1.78E+11,-0.0064,8.1406,7.5193,1.1319,1,12.464
237,000001.XSHE,1,XSHE,2015/12/23,12.43,12.43,12.47,12.78,12.4,12.48,103901823,1302341538,38256,0.0088,0.787712216,1.47E+11,1.79E+11,0.004,8.1734,7.5496,1.1364,1,12.534
238,000001.XSHE,1,XSHE,2015/12/24,12.48,12.48,12.46,12.56,12.24,12.34,64022964,791975824.6,23266,0.0054,0.787712216,1.46E+11,1.77E+11,-0.0112,8.0817,7.4649,1.1237,1,12.37
239,000001.XSHE,1,XSHE,2015/12/25,12.34,12.34,12.38,12.47,12.33,12.41,39984505,495638053.1,19587,0.0034,0.787712216,1.46E+11,1.78E+11,0.0057,8.1275,7.5072,1.13,1,12.396
240,000001.XSHE,1,XSHE,2015/12/28,12.41,12.41,12.43,12.46,11.98,11.98,82240863,1003010207,33043,0.007,0.787712216,1.41E+11,1.71E+11,-0.0346,7.8459,7.2471,1.0909,1,12.196
241,000001.XSHE,1,XSHE,2015/12/29,11.98,11.98,11.99,12.1,11.97,12.09,61980214,744718416.3,20170,0.0053,0.787712216,1.43E+11,1.73E+11,0.0092,7.918,7.3136,1.1009,1,12.015
242,000001.XSHE,1,XSHE,2015/12/30,12.09,12.09,12.09,12.11,11.95,12.1,53266704,641277265.4,18064,0.0045,0.787712216,1.43E+11,1.73E+11,0.0008,7.9245,7.3197,1.1018,1,12.039
243,000001.XSHE,1,XSHE,2015/12/31,12.1,12.1,12.1,12.13,11.98,11.99,49125892,591643590.7,14765,0.0042,0.787712216,1.42E+11,1.72E+11,-0.0091,7.8464,7.8464,1.0623,1,12.043
